Section,Reference,Part / Value,Footprint,Nets,Notes,Purchase Link
USB-C input,J1,USB-C 5V Sink,Connector_USB:USB_C_Receptacle_GCT_USB4125-xx-x_6P_TopMnt_Horizontal,"CC1,CC2,GND,USB_VBUS",Power-only sink; CC1/CC2 each have 5.1k Rd to GND.,https://www.digikey.com/en/products/result?keywords=GCT+USB4125+USB-C+receptacle+6+pin
USB-C input,R1,5.1k 1%,Resistor_SMD:R_0603_1608Metric,"CC1,GND",USB-C Rd.,https://www.digikey.com/en/products/result?keywords=5.1k+1%25+Resistor_SMD%3AR_0603_1608Metric+resistor
USB-C input,R2,5.1k 1%,Resistor_SMD:R_0603_1608Metric,"CC2,GND",USB-C Rd.,https://www.digikey.com/en/products/result?keywords=5.1k+1%25+Resistor_SMD%3AR_0603_1608Metric+resistor
USB-C input,F1,2A hold polyfuse,Fuse:Fuse_1206_3216Metric,"CHG_IN,USB_VBUS",Input fuse/polyfuse; choose exact SMD PTC/fuse current rating before layout.,https://www.digikey.com/en/products/result?keywords=2A+hold+polyfuse+resettable+fuse+PTC+SMD
USB-C input,D1,5V VBUS TVS,Diode_SMD:D_SOD-323,"CHG_IN,GND",Place close to USB-C connector.,https://www.digikey.com/en/products/result?keywords=5V+VBUS+TVS+SOD-323+TVS+diode
USB-C input,C1,10uF 10V X5R,Capacitor_SMD:C_0805_2012Metric,"CHG_IN,GND",Charger input bulk.,https://www.digikey.com/en/products/result?keywords=10uF+10V+X5R+Capacitor_SMD%3AC_0805_2012Metric+capacitor
USB-C input,C2,100nF 10V X7R,Capacitor_SMD:C_0603_1608Metric,"CHG_IN,GND",Charger input bypass.,https://www.digikey.com/en/products/result?keywords=100nF+10V+X7R+Capacitor_SMD%3AC_0603_1608Metric+capacitor
2S charger,U1,BQ25887RGE 2S charger,Package_DFN_QFN:Texas_RGE0024H_VQFN-24-1EP_4x4mm_P0.5mm_EP2.7x2.7mm,"BAT_SYS,BTST,CBSET,CELL_MID,CHG_IN,CHG_STAT,CHG_SW,GND,I2C_SCL,I2C_SDA,ILIM,PG_STAT,PMID,REGN,TS",USB 5V boost-mode charger connected on the protected/system side of the BQ28Z610 high-side FETs.,https://www.digikey.com/en/products/result?keywords=BQ25887RGE
2S charger,L3,1uH >=4A sat,Inductor_SMD:L_APV_ANR5040,"CHG_SW,PMID",BQ25887 boost-charge SMD inductor; finalize DCR/current from layout and charge limit.,https://www.digikey.com/en/products/result?keywords=1uH+%3E%3D4A+sat+shielded+inductor+SMD
2S charger,R3,806R 1% TBD,Resistor_SMD:R_0603_1608Metric,"GND,ILIM",Input-current hardware limit target no more than 1.5A; set charge current in BQ25887 firmware/registers between 500mA and 1.5A.,https://www.digikey.com/en/products/result?keywords=0603+resistor+1%25
2S charger,R4,TBD 1%,Resistor_SMD:R_0603_1608Metric,"CBSET,GND",Cell-balance setting resistor; choose from BQ25887 datasheet.,https://www.digikey.com/en/products/result?keywords=0603+resistor+1%25
2S charger,C3,22uF 16V X5R,Capacitor_SMD:C_0805_2012Metric,"GND,PMID",PMID bulk capacitor.,https://www.digikey.com/en/products/result?keywords=22uF+16V+X5R+Capacitor_SMD%3AC_0805_2012Metric+capacitor
2S charger,C4,100nF 16V X7R,Capacitor_SMD:C_0603_1608Metric,"GND,PMID",PMID HF bypass.,https://www.digikey.com/en/products/result?keywords=100nF+16V+X7R+Capacitor_SMD%3AC_0603_1608Metric+capacitor
2S charger,C5,22uF 16V X5R,Capacitor_SMD:C_0805_2012Metric,"BAT_SYS,GND",2S charger BAT bulk capacitor on protected/system-side pack positive.,https://www.digikey.com/en/products/result?keywords=22uF+16V+X5R+Capacitor_SMD%3AC_0805_2012Metric+capacitor
2S charger,C6,4.7uF 6.3V X5R,Capacitor_SMD:C_0603_1608Metric,"GND,REGN",REGN regulator capacitor.,https://www.digikey.com/en/products/result?keywords=4.7uF+6.3V+X5R+Capacitor_SMD%3AC_0603_1608Metric+capacitor
2S charger,C7,100nF 16V X7R,Capacitor_SMD:C_0603_1608Metric,"BTST,CHG_SW",Bootstrap capacitor.,https://www.digikey.com/en/products/result?keywords=100nF+16V+X7R+Capacitor_SMD%3AC_0603_1608Metric+capacitor
2S charger,C8,100nF 10V X7R,Capacitor_SMD:C_0603_1608Metric,"CBSET,GND",CBSET filter placeholder; verify final requirement.,https://www.digikey.com/en/products/result?keywords=100nF+10V+X7R+Capacitor_SMD%3AC_0603_1608Metric+capacitor
2S charger,C9,100nF 16V X7R,Capacitor_SMD:C_0603_1608Metric,"BATT_RAW_P,CELL_MID",Upper-cell raw-pack sense bypass; place close to charger/protection sense pins.,https://www.digikey.com/en/products/result?keywords=100nF+16V+X7R+Capacitor_SMD%3AC_0603_1608Metric+capacitor
2S charger,C10,100nF 16V X7R,Capacitor_SMD:C_0603_1608Metric,"BATT_RAW_N,CELL_MID",Lower-cell raw-pack sense bypass; place close to charger/protection sense pins.,https://www.digikey.com/en/products/result?keywords=100nF+16V+X7R+Capacitor_SMD%3AC_0603_1608Metric+capacitor
2S charger,TH1,10k NTC,Resistor_SMD:R_0603_1608Metric,"GND,TS",0603 NTC; place against or near the selected pack/cells.,https://www.digikey.com/en/products/result?keywords=10k+NTC+0603+NTC+thermistor
2S charger,R5,10k 1%,Resistor_SMD:R_0603_1608Metric,"REGN,TS",TS bias; verify with selected NTC curve and BQ25887 TS thresholds.,https://www.digikey.com/en/products/result?keywords=10k+1%25+Resistor_SMD%3AR_0603_1608Metric+resistor
2S charger,R6,2.2k,Resistor_SMD:R_0603_1608Metric,"LED_CHG_A,REGN",Charge-status LED resistor.,https://www.digikey.com/en/products/result?keywords=2.2k+Resistor_SMD%3AR_0603_1608Metric+resistor
2S charger,D2,LED green,LED_SMD:LED_0603_1608Metric,"CHG_STAT,LED_CHG_A",STAT open-drain LED.,https://www.digikey.com/en/products/result?keywords=LED+green+0603+LED
2S charger,R7,2.2k,Resistor_SMD:R_0603_1608Metric,"LED_PGOOD_A,REGN",Power-good LED resistor.,https://www.digikey.com/en/products/result?keywords=2.2k+Resistor_SMD%3AR_0603_1608Metric+resistor
2S charger,D3,LED blue,LED_SMD:LED_0603_1608Metric,"LED_PGOOD_A,PG_STAT",PG open-drain LED.,https://www.digikey.com/en/products/result?keywords=LED+blue+0603+LED
Battery,BT1,18650 Cell 1 lower,,"BATT_RAW_N,CELL1_P","Lower series cell holder: negative to raw pack negative, positive through F2 to CELL_MID.",https://www.digikey.com/en/products/result?keywords=18650+battery+holder+single+cell+PCB
Battery,BT2,18650 Cell 2 upper,,"CELL2_P,CELL_MID","Upper series cell holder: negative to CELL_MID, positive through F3 to BATT_RAW_P.",https://www.digikey.com/en/products/result?keywords=18650+battery+holder+single+cell+PCB
Battery,F2,PTC/fuse cell1,Fuse:Fuse_1206_3216Metric,"CELL1_P,CELL_MID",SMD cell fuse/PTC; place close to lower cell positive.,https://www.digikey.com/en/products/result?keywords=PTC%2Ffuse+cell1+resettable+fuse+PTC+SMD
Battery,F3,PTC/fuse cell2,Fuse:Fuse_1206_3216Metric,"BATT_RAW_P,CELL2_P",SMD cell fuse/PTC; place close to upper cell positive.,https://www.digikey.com/en/products/result?keywords=PTC%2Ffuse+cell2+resettable+fuse+PTC+SMD
Battery,J7,2S balance input JST-XH side-entry,Connector_JST:JST_XH_S3B-XH-A_1x03_P2.50mm_Horizontal,"BATT_RAW_N,BATT_RAW_P,CELL_MID","Top-edge side-entry 2S balance connector pinout: B-, cell midpoint, B+. Pin 3 is raw cell-stack positive before high-side protection FETs.",https://www.digikey.com/en/products/result?keywords=JST+XH+3+pin+horizontal+S3B-XH-A
2S protection,U2,BQ28Z610DRZR-R1,Daughterboard:BQ28Z610_DRZ0012A_12SON_2.5x4mm_P0.5mm,"BATT_RAW_N,BQ_CHG,BQ_DSG,BQ_PACK,BQ_PBI,BQ_SRN,BQ_SRP,I2C_SCL,I2C_SDA,PROT_VC,PROT_VDD,TS",TI 1S/2S gas gauge and primary protection controller wired for the high-side N-FET topology from the BQ28Z610 reference design.,https://www.digikey.com/en/products/detail/texas-instruments/BQ28Z610DRZR-R1/11625468
2S protection,R14,470R 1%,Resistor_SMD:R_0603_1608Metric,"BATT_RAW_P,PROT_VDD",BQ28Z610 VC2 input resistor; place near U2 and verify with cell-balance routing.,https://www.digikey.com/en/products/result?keywords=470R+1%25+Resistor_SMD%3AR_0603_1608Metric+resistor
2S protection,R15,470R 1%,Resistor_SMD:R_0603_1608Metric,"CELL_MID,PROT_VC",BQ28Z610 VC1 input resistor; place near U2 and verify with cell-balance routing.,https://www.digikey.com/en/products/result?keywords=470R+1%25+Resistor_SMD%3AR_0603_1608Metric+resistor
2S protection,C25,100nF 16V X7R,Capacitor_SMD:C_0603_1608Metric,"PROT_VC,PROT_VDD",BQ28Z610 upper-cell sense filter capacitor.,https://www.digikey.com/en/products/result?keywords=100nF+16V+X7R+Capacitor_SMD%3AC_0603_1608Metric+capacitor
2S protection,C26,100nF 16V X7R,Capacitor_SMD:C_0603_1608Metric,"BATT_RAW_N,PROT_VC",BQ28Z610 lower-cell sense filter capacitor.,https://www.digikey.com/en/products/result?keywords=100nF+16V+X7R+Capacitor_SMD%3AC_0603_1608Metric+capacitor
2S protection,R16,100R,Resistor_SMD:R_0603_1608Metric,"BAT_SYS,BQ_PACK",BQ28Z610 PACK input series resistor from protected/system-side pack positive.,https://www.digikey.com/en/products/result?keywords=100R+Resistor_SMD%3AR_0603_1608Metric+resistor
2S protection,C30,2.2uF 10V X5R,Capacitor_SMD:C_0603_1608Metric,"BATT_RAW_N,BQ_PBI",BQ28Z610 PBI hold-up capacitor; place close to U2.,https://www.digikey.com/en/products/result?keywords=2.2uF+10V+X5R+Capacitor_SMD%3AC_0603_1608Metric+capacitor
2S protection,R46,2mR 1% 50ppm,Resistor_SMD:R_1206_3216Metric,"BATT_RAW_N,GND",BQ28Z610 series current-sense resistor in the pack-negative return path; Kelvin route both ends.,https://www.digikey.com/en/products/result?keywords=2mR+1%25+50ppm+Resistor_SMD%3AR_1206_3216Metric+resistor
2S protection,R47,100R,Resistor_SMD:R_0603_1608Metric,"BQ_SRN,GND",BQ28Z610 SRN input filter resistor; Kelvin route from system/pack-negative side of R46.,https://www.digikey.com/en/products/result?keywords=100R+Resistor_SMD%3AR_0603_1608Metric+resistor
2S protection,R48,100R,Resistor_SMD:R_0603_1608Metric,"BATT_RAW_N,BQ_SRP",BQ28Z610 SRP input filter resistor; Kelvin route from raw-cell-negative side of R46.,https://www.digikey.com/en/products/result?keywords=100R+Resistor_SMD%3AR_0603_1608Metric+resistor
2S protection,C31,100nF 16V X7R,Capacitor_SMD:C_0603_1608Metric,"BQ_SRN,BQ_SRP",BQ28Z610 differential SRN/SRP filter capacitor; place close to U2.,https://www.digikey.com/en/products/result?keywords=100nF+16V+X7R+Capacitor_SMD%3AC_0603_1608Metric+capacitor
2S protection,R21,100R,Resistor_SMD:R_0603_1608Metric,"BQ_DSG,DO_GATE",Small series gate resistor for BQ28Z610 discharge FET control.,https://www.digikey.com/en/products/result?keywords=100R+Resistor_SMD%3AR_0603_1608Metric+resistor
2S protection,R22,100R,Resistor_SMD:R_0603_1608Metric,"BQ_CHG,CO_GATE",Small series gate resistor for BQ28Z610 charge FET control.,https://www.digikey.com/en/products/result?keywords=100R+Resistor_SMD%3AR_0603_1608Metric+resistor
2S protection,Q1,CSD18502Q5B charge FET,Daughterboard:CSD18502Q5B_DNK0008A_VSON-CLIP_5x6mm,"BAT_SYS,CO_GATE,FET_SRC_COMMON","High-side charge-blocking N-FET; drain on protected/system side, source at the common high-side FET node.",https://jlcpcb.com/partdetail/TexasInstruments-CSD18502Q5B/C473915
2S protection,Q2,CSD18502Q5B discharge FET,Daughterboard:CSD18502Q5B_DNK0008A_VSON-CLIP_5x6mm,"DO_GATE,FET_BATT_P,FET_SRC_COMMON",High-side discharge-blocking N-FET; drain feeds the raw cell-stack positive through F4.,https://jlcpcb.com/partdetail/TexasInstruments-CSD18502Q5B/C473915
2S protection,R50,10M,Resistor_SMD:R_0603_1608Metric,"CO_GATE,FET_SRC_COMMON",Gate-source bleed for the high-side charge FET.,https://www.digikey.com/en/products/result?keywords=10M+Resistor_SMD%3AR_0603_1608Metric+resistor
2S protection,R49,10M,Resistor_SMD:R_0603_1608Metric,"DO_GATE,FET_SRC_COMMON",Gate-source bleed for the high-side discharge FET.,https://www.digikey.com/en/products/result?keywords=10M+Resistor_SMD%3AR_0603_1608Metric+resistor
2S protection,C32,100nF 25V X7R,Capacitor_SMD:C_0603_1608Metric,"BAT_SYS,FET_SRC_COMMON",ESD/transient capacitor across charge FET per BQ28Z610 layout guidance.,https://www.digikey.com/en/products/result?keywords=100nF+25V+X7R+Capacitor_SMD%3AC_0603_1608Metric+capacitor
2S protection,C33,100nF 25V X7R,Capacitor_SMD:C_0603_1608Metric,"FET_BATT_P,FET_SRC_COMMON",ESD/transient capacitor across discharge FET per BQ28Z610 layout guidance.,https://www.digikey.com/en/products/result?keywords=100nF+25V+X7R+Capacitor_SMD%3AC_0603_1608Metric+capacitor
Battery,F4,2A battery path fuse,Fuse:Fuse_1206_3216Metric,"BATT_RAW_P,FET_BATT_P",SMD high-side pack fuse between protection FETs and raw cell-stack positive.,https://www.digikey.com/en/products/result?keywords=2A+battery+path+fuse+resettable+fuse+PTC+SMD
5V buck,U3,AP63200WU 5V Buck,Package_TO_SOT_SMD:TSOT-23-6,"BAT_SYS,BST_5V,EN_5V,FB_5V,GND,SW_5V",2S-to-5V buck regulator; 5V / 1A target.,https://www.digikey.com/en/products/result?keywords=AP63200WU
5V buck,L1,4.7uH >=3A sat,Inductor_SMD:L_APV_ANR4020,"+5V,SW_5V",Low-DCR shielded SMD inductor.,https://www.digikey.com/en/products/result?keywords=4.7uH+%3E%3D3A+sat+shielded+inductor+SMD
5V buck,C11,10uF 16V X5R,Capacitor_SMD:C_0805_2012Metric,"BAT_SYS,GND",Input bulk.,https://www.digikey.com/en/products/result?keywords=10uF+16V+X5R+Capacitor_SMD%3AC_0805_2012Metric+capacitor
5V buck,C12,100nF 16V X7R,Capacitor_SMD:C_0603_1608Metric,"BAT_SYS,GND",Input bypass.,https://www.digikey.com/en/products/result?keywords=100nF+16V+X7R+Capacitor_SMD%3AC_0603_1608Metric+capacitor
5V buck,C13,22uF 10V X5R,Capacitor_SMD:C_0805_2012Metric,"+5V,GND",Output bulk.,https://www.digikey.com/en/products/result?keywords=22uF+10V+X5R+Capacitor_SMD%3AC_0805_2012Metric+capacitor
5V buck,C14,22uF 10V X5R,Capacitor_SMD:C_0805_2012Metric,"+5V,GND",Output bulk.,https://www.digikey.com/en/products/result?keywords=22uF+10V+X5R+Capacitor_SMD%3AC_0805_2012Metric+capacitor
5V buck,C15,100nF 16V X7R,Capacitor_SMD:C_0603_1608Metric,"BST_5V,SW_5V",Bootstrap capacitor.,https://www.digikey.com/en/products/result?keywords=100nF+16V+X7R+Capacitor_SMD%3AC_0603_1608Metric+capacitor
5V buck,R8,523k 1%,Resistor_SMD:R_0603_1608Metric,"+5V,FB_5V",Feedback top for 5V from 0.8V reference.,https://www.digikey.com/en/products/result?keywords=523k+1%25+Resistor_SMD%3AR_0603_1608Metric+resistor
5V buck,R9,100k 1%,Resistor_SMD:R_0603_1608Metric,"FB_5V,GND",Feedback bottom.,https://www.digikey.com/en/products/result?keywords=100k+1%25+Resistor_SMD%3AR_0603_1608Metric+resistor
5V buck,R10,100k,Resistor_SMD:R_0603_1608Metric,"BAT_SYS,EN_5V",Default 5V buck enabled when pack is present.,https://www.digikey.com/en/products/result?keywords=100k+Resistor_SMD%3AR_0603_1608Metric+resistor
3V3 buck,U4,AP63200WU 3V3 Buck,Package_TO_SOT_SMD:TSOT-23-6,"BAT_SYS,BST_3V3,EN_3V3,FB_3V3,GND,SW_3V3",2S-to-3.3V buck regulator; 3.3V / 500mA target.,https://www.digikey.com/en/products/result?keywords=AP63200WU
3V3 buck,L2,4.7uH >=2A sat,Inductor_SMD:L_APV_ANR4020,"+3V3,SW_3V3",Low-DCR shielded SMD inductor.,https://www.digikey.com/en/products/result?keywords=4.7uH+%3E%3D2A+sat+shielded+inductor+SMD
3V3 buck,C16,10uF 16V X5R,Capacitor_SMD:C_0805_2012Metric,"BAT_SYS,GND",Input bulk.,https://www.digikey.com/en/products/result?keywords=10uF+16V+X5R+Capacitor_SMD%3AC_0805_2012Metric+capacitor
3V3 buck,C21,100nF 16V X7R,Capacitor_SMD:C_0603_1608Metric,"BAT_SYS,GND",Input bypass.,https://www.digikey.com/en/products/result?keywords=100nF+16V+X7R+Capacitor_SMD%3AC_0603_1608Metric+capacitor
3V3 buck,C22,22uF 10V X5R,Capacitor_SMD:C_0805_2012Metric,"+3V3,GND",Output cap.,https://www.digikey.com/en/products/result?keywords=22uF+10V+X5R+Capacitor_SMD%3AC_0805_2012Metric+capacitor
3V3 buck,C23,22uF 10V X5R,Capacitor_SMD:C_0805_2012Metric,"+3V3,GND",Output cap.,https://www.digikey.com/en/products/result?keywords=22uF+10V+X5R+Capacitor_SMD%3AC_0805_2012Metric+capacitor
3V3 buck,C24,100nF 16V X7R,Capacitor_SMD:C_0603_1608Metric,"BST_3V3,SW_3V3",Bootstrap capacitor.,https://www.digikey.com/en/products/result?keywords=100nF+16V+X7R+Capacitor_SMD%3AC_0603_1608Metric+capacitor
3V3 buck,R11,316k 1%,Resistor_SMD:R_0603_1608Metric,"+3V3,FB_3V3",Feedback top for 3.3V from 0.8V reference.,https://www.digikey.com/en/products/result?keywords=316k+1%25+Resistor_SMD%3AR_0603_1608Metric+resistor
3V3 buck,R12,100k 1%,Resistor_SMD:R_0603_1608Metric,"FB_3V3,GND",Feedback bottom.,https://www.digikey.com/en/products/result?keywords=100k+1%25+Resistor_SMD%3AR_0603_1608Metric+resistor
3V3 buck,R13,100k,Resistor_SMD:R_0603_1608Metric,"BAT_SYS,EN_3V3",Default 3.3V buck enabled when pack is present.,https://www.digikey.com/en/products/result?keywords=100k+Resistor_SMD%3AR_0603_1608Metric+resistor
Output switching,SW1,Pololu #2808 5V switch,Daughterboard:Pololu_2808_Raised_Header,"+5V,+5V_SW,CTRL_5V_SW,GND","VIN=+5V, VOUT=+5V_SW.",https://www.pololu.com/product/2808
Output switching,SW2,Pololu #2808 3V3 switch,Daughterboard:Pololu_2808_Raised_Header,"+3V3,+3V3_SW,CTRL_3V3_SW,GND","VIN=+3V3, VOUT=+3V3_SW.",https://www.pololu.com/product/2808
Output switching,R17,330R,Resistor_SMD:R_0603_1608Metric,"CTRL_5V_SW,GPIO2",Series resistor from ESP32 GPIO2.,https://www.digikey.com/en/products/result?keywords=330R+Resistor_SMD%3AR_0603_1608Metric+resistor
Output switching,R18,330R,Resistor_SMD:R_0603_1608Metric,"CTRL_3V3_SW,GPIO3",Series resistor from ESP32 GPIO3.,https://www.digikey.com/en/products/result?keywords=330R+Resistor_SMD%3AR_0603_1608Metric+resistor
Control,J30,J3P Hosyond +5V_SW solder pad,TestPoint:TestPoint_Pad_1.5x1.5mm,+5V_SW,Individual solder-wire pad for wire from Hosyond ESP32-S3 board.,
Control,J31,J3A Hosyond UART_TX solder pad,TestPoint:TestPoint_Pad_1.5x1.5mm,UART_TX,Individual solder-wire pad for wire from Hosyond ESP32-S3 board.,
Control,J32,J3B Hosyond UART_RX solder pad,TestPoint:TestPoint_Pad_1.5x1.5mm,UART_RX,Individual solder-wire pad for wire from Hosyond ESP32-S3 board.,
Control,J33,J3C Hosyond I2C_SDA solder pad,TestPoint:TestPoint_Pad_1.5x1.5mm,I2C_SDA,Individual solder-wire pad for wire from Hosyond ESP32-S3 board.,
Control,J34,J3D Hosyond I2C_SCL solder pad,TestPoint:TestPoint_Pad_1.5x1.5mm,I2C_SCL,Individual solder-wire pad for wire from Hosyond ESP32-S3 board.,
Control,J35,J3E Hosyond GPIO2 solder pad,TestPoint:TestPoint_Pad_1.5x1.5mm,GPIO2,Individual solder-wire pad for wire from Hosyond ESP32-S3 board.,
Control,J36,J3F Hosyond GPIO3 solder pad,TestPoint:TestPoint_Pad_1.5x1.5mm,GPIO3,Individual solder-wire pad for wire from Hosyond ESP32-S3 board.,
Control,J37,J3G Hosyond GPIO14 solder pad,TestPoint:TestPoint_Pad_1.5x1.5mm,GPIO14,Individual solder-wire pad for wire from Hosyond ESP32-S3 board.,
Control,J38,J3H Hosyond GPIO21 solder pad,TestPoint:TestPoint_Pad_1.5x1.5mm,GPIO21,Individual solder-wire pad for wire from Hosyond ESP32-S3 board.,
Control,J39,J3I Hosyond GND solder pad,TestPoint:TestPoint_Pad_1.5x1.5mm,GND,Individual solder-wire pad for wire from Hosyond ESP32-S3 board.,
Outputs,J2,Switched power outputs,,"+3V3_SW,+5V_SW,GND",External switched-load connector.,https://www.digikey.com/en/products/result?keywords=2.54mm+pin+header+vertical+3+position
Signals,J4,UART JST-GH 1.25mm,Connector_JST:JST_GH_SM05B-GHS-TB_1x05-1MP_P1.25mm_Horizontal,"+5V_SW,GND,UART_RX,UART_TX","5-pin 1.25mm JST UART header: +5V_SW,GND,TX,RX,GND.",https://www.digikey.com/en/products/result?keywords=SM05B-GHS-TB+JST+GH+5+position
Signals,J5,I2C male header 2.54mm,Connector_PinHeader_2.54mm:PinHeader_1x04_P2.54mm_Vertical,"+3V3_SW,GND,I2C_SCL,I2C_SDA","4-pin 2.54mm I2C header: +3V3_SW,GND,SDA,SCL.",https://www.digikey.com/en/products/result?keywords=2.54mm+pin+header+vertical+4+position
Signals,J6,Deep sleep pushbutton header,Connector_PinHeader_2.54mm:PinHeader_1x02_P2.54mm_Vertical,"GPIO14,GPIO21",2-pin 2.54mm header for pushbutton between GPIO14 and GPIO21.,https://www.digikey.com/en/products/result?keywords=2.54mm+pin+header+vertical+2+position
Analog inputs,U5,ADS1115IDGS 0x48,Package_SO:TSSOP-10_3x3mm_P0.5mm,"+3V3_SW_LOGIC,AIN0,AIN1,AIN2,AIN3,GND,I2C_SCL,I2C_SDA",First 4-channel ADS1115; ADDR=GND for I2C address 0x48.,https://www.digikey.com/en/products/result?keywords=ADS1115IDGS
Analog inputs,U6,ADS1115IDGS 0x49,Package_SO:TSSOP-10_3x3mm_P0.5mm,"+3V3_SW_LOGIC,AIN4,AIN5,AIN6,AIN7,GND,I2C_SCL,I2C_SDA",Second 4-channel ADS1115; ADDR=VDD for I2C address 0x49.,https://www.digikey.com/en/products/result?keywords=ADS1115IDGS
Analog inputs,R19,4.7k,Resistor_SMD:R_0603_1608Metric,"+3V3_SW_LOGIC,I2C_SDA",Local I2C SDA pullup for switched onboard ADCs.,https://www.digikey.com/en/products/result?keywords=4.7k+Resistor_SMD%3AR_0603_1608Metric+resistor
Analog inputs,R20,4.7k,Resistor_SMD:R_0603_1608Metric,"+3V3_SW_LOGIC,I2C_SCL",Local I2C SCL pullup for switched onboard ADCs.,https://www.digikey.com/en/products/result?keywords=4.7k+Resistor_SMD%3AR_0603_1608Metric+resistor
Analog inputs,C17,100nF 10V X7R,Capacitor_SMD:C_0603_1608Metric,"+3V3_SW_LOGIC,GND",U5 local VDD bypass.,https://www.digikey.com/en/products/result?keywords=100nF+10V+X7R+Capacitor_SMD%3AC_0603_1608Metric+capacitor
Analog inputs,C18,1uF 10V X5R,Capacitor_SMD:C_0603_1608Metric,"+3V3_SW_LOGIC,GND",U5 local supply bulk.,https://www.digikey.com/en/products/result?keywords=1uF+10V+X5R+Capacitor_SMD%3AC_0603_1608Metric+capacitor
Analog inputs,C19,100nF 10V X7R,Capacitor_SMD:C_0603_1608Metric,"+3V3_SW_LOGIC,GND",U6 local VDD bypass.,https://www.digikey.com/en/products/result?keywords=100nF+10V+X7R+Capacitor_SMD%3AC_0603_1608Metric+capacitor
Analog inputs,C20,1uF 10V X5R,Capacitor_SMD:C_0603_1608Metric,"+3V3_SW_LOGIC,GND",U6 local supply bulk.,https://www.digikey.com/en/products/result?keywords=1uF+10V+X5R+Capacitor_SMD%3AC_0603_1608Metric+capacitor
Analog inputs,J8,Left gimbal A JST-GH 1.25mm,Connector_JST:JST_GH_BM03B-GHS-TBT_1x03-1MP_P1.25mm_Vertical,"+3V3_SW,AIN0,GND","3-pin gimbal potentiometer input: GND,AIN0,+3V3_SW.",https://www.digikey.com/en/products/result?keywords=2.54mm+pin+header+vertical+10+position
Analog inputs,J40,Left gimbal B JST-GH 1.25mm,Connector_JST:JST_GH_BM03B-GHS-TBT_1x03-1MP_P1.25mm_Vertical,"+3V3_SW,AIN1,GND","3-pin gimbal potentiometer input: GND,AIN1,+3V3_SW.",https://www.digikey.com/en/products/result?keywords=Left+gimbal+B+JST-GH+1.25mm+Connector_JST%3AJST_GH_BM03B-GHS-TBT_1x03-1MP_P1.25mm_Vertical
Analog inputs,J41,Right gimbal A JST-GH 1.25mm,Connector_JST:JST_GH_BM03B-GHS-TBT_1x03-1MP_P1.25mm_Vertical,"+3V3_SW,AIN2,GND","3-pin gimbal potentiometer input: GND,AIN2,+3V3_SW.",https://www.digikey.com/en/products/result?keywords=Right+gimbal+A+JST-GH+1.25mm+Connector_JST%3AJST_GH_BM03B-GHS-TBT_1x03-1MP_P1.25mm_Vertical
Analog inputs,J42,Right gimbal B JST-GH 1.25mm,Connector_JST:JST_GH_BM03B-GHS-TBT_1x03-1MP_P1.25mm_Vertical,"+3V3_SW,AIN3,GND","3-pin gimbal potentiometer input: GND,AIN3,+3V3_SW.",https://www.digikey.com/en/products/result?keywords=Right+gimbal+B+JST-GH+1.25mm+Connector_JST%3AJST_GH_BM03B-GHS-TBT_1x03-1MP_P1.25mm_Vertical
Analog inputs,R45,0R,Resistor_SMD:R_0603_1608Metric,"+3V3_SW,+3V3_SW_LOGIC",Net-tie jumper: heavy switched 3.3V rail to light local ADC/MCP logic branch.,https://www.digikey.com/en/products/result?keywords=0R+Resistor_SMD%3AR_0603_1608Metric+resistor
GPIO expander,U7,MCP23017-E/SO,Daughterboard:SOIC-28W_7.5x17.9mm_P1.27mm_NoPads11_14,"+3V3_SW_LOGIC,GND,I2C_SCL,I2C_SDA,MCP_A0,MCP_A1,MCP_A2,MCP_GPA0,MCP_GPA1,MCP_GPA2,MCP_GPA3,MCP_GPA4,MCP_GPA5,MCP_GPA6,MCP_GPA7,MCP_GPB0,MCP_GPB1,MCP_GPB2,MCP_GPB3,MCP_GPB4,MCP_GPB5,MCP_GPB6,MCP_GPB7,MCP_INTA,MCP_INTB,MCP_RESET",16-bit I2C GPIO expander at address 0x20; powered from the light +3V3_SW_LOGIC branch. Treat GPA7/GPB7 as output-only unless the selected MCP23017 variant is verified.,https://www.digikey.com/en/products/result?keywords=MCP23017-E%2FSO
GPIO expander,C27,100nF 10V X7R,Capacitor_SMD:C_0603_1608Metric,"+3V3_SW_LOGIC,GND","MCP23017 local VDD bypass, place close to U7.",https://www.digikey.com/en/products/result?keywords=100nF+10V+X7R+Capacitor_SMD%3AC_0603_1608Metric+capacitor
GPIO expander,C28,1uF 10V X5R,Capacitor_SMD:C_0603_1608Metric,"+3V3_SW_LOGIC,GND",MCP23017 local supply bulk.,https://www.digikey.com/en/products/result?keywords=1uF+10V+X5R+Capacitor_SMD%3AC_0603_1608Metric+capacitor
GPIO expander,R39,0R,Resistor_SMD:R_0603_1608Metric,"GND,MCP_A0",Default address strap low; A2:A0=000 gives I2C address 0x20.,https://www.digikey.com/en/products/result?keywords=0R+Resistor_SMD%3AR_0603_1608Metric+resistor
GPIO expander,R40,0R,Resistor_SMD:R_0603_1608Metric,"GND,MCP_A1",Default address strap low.,https://www.digikey.com/en/products/result?keywords=0R+Resistor_SMD%3AR_0603_1608Metric+resistor
GPIO expander,R41,0R,Resistor_SMD:R_0603_1608Metric,"GND,MCP_A2",Default address strap low.,https://www.digikey.com/en/products/result?keywords=0R+Resistor_SMD%3AR_0603_1608Metric+resistor
GPIO expander,R42,10k,Resistor_SMD:R_0603_1608Metric,"+3V3_SW_LOGIC,MCP_RESET",Reset pullup to switched 3.3V logic branch.,https://www.digikey.com/en/products/result?keywords=10k+Resistor_SMD%3AR_0603_1608Metric+resistor
GPIO expander,C29,100nF 10V X7R,Capacitor_SMD:C_0603_1608Metric,"GND,MCP_RESET",Optional reset delay/noise filter; omit if firmware needs immediate reset release.,https://www.digikey.com/en/products/result?keywords=100nF+10V+X7R+Capacitor_SMD%3AC_0603_1608Metric+capacitor
GPIO expander,R43,10k,Resistor_SMD:R_0603_1608Metric,"+3V3_SW_LOGIC,MCP_INTA",INTA pullup; also available on a solder pad.,https://www.digikey.com/en/products/result?keywords=10k+Resistor_SMD%3AR_0603_1608Metric+resistor
GPIO expander,R44,10k,Resistor_SMD:R_0603_1608Metric,"+3V3_SW_LOGIC,MCP_INTB",INTB pullup; also available on a solder pad.,https://www.digikey.com/en/products/result?keywords=10k+Resistor_SMD%3AR_0603_1608Metric+resistor
GPIO expander,R23,100R,Resistor_SMD:R_0603_1608Metric,"EXP_GPA0,MCP_GPA0",Series resistor between MCP23017 GPIO and external solder pad.,https://www.digikey.com/en/products/result?keywords=100R+Resistor_SMD%3AR_0603_1608Metric+resistor
GPIO expander,R24,100R,Resistor_SMD:R_0603_1608Metric,"EXP_GPA1,MCP_GPA1",Series resistor between MCP23017 GPIO and external solder pad.,https://www.digikey.com/en/products/result?keywords=100R+Resistor_SMD%3AR_0603_1608Metric+resistor
GPIO expander,R25,100R,Resistor_SMD:R_0603_1608Metric,"EXP_GPA2,MCP_GPA2",Series resistor between MCP23017 GPIO and external solder pad.,https://www.digikey.com/en/products/result?keywords=100R+Resistor_SMD%3AR_0603_1608Metric+resistor
GPIO expander,R26,100R,Resistor_SMD:R_0603_1608Metric,"EXP_GPA3,MCP_GPA3",Series resistor between MCP23017 GPIO and external solder pad.,https://www.digikey.com/en/products/result?keywords=100R+Resistor_SMD%3AR_0603_1608Metric+resistor
GPIO expander,R27,100R,Resistor_SMD:R_0603_1608Metric,"EXP_GPA4,MCP_GPA4",Series resistor between MCP23017 GPIO and external solder pad.,https://www.digikey.com/en/products/result?keywords=100R+Resistor_SMD%3AR_0603_1608Metric+resistor
GPIO expander,R28,100R,Resistor_SMD:R_0603_1608Metric,"EXP_GPA5,MCP_GPA5",Series resistor between MCP23017 GPIO and external solder pad.,https://www.digikey.com/en/products/result?keywords=100R+Resistor_SMD%3AR_0603_1608Metric+resistor
GPIO expander,R29,100R,Resistor_SMD:R_0603_1608Metric,"EXP_GPA6,MCP_GPA6",Series resistor between MCP23017 GPIO and external solder pad.,https://www.digikey.com/en/products/result?keywords=100R+Resistor_SMD%3AR_0603_1608Metric+resistor
GPIO expander,R30,100R,Resistor_SMD:R_0603_1608Metric,"EXP_GPA7,MCP_GPA7",Series resistor between MCP23017 GPIO and external solder pad.,https://www.digikey.com/en/products/result?keywords=100R+Resistor_SMD%3AR_0603_1608Metric+resistor
GPIO expander,R31,100R,Resistor_SMD:R_0603_1608Metric,"EXP_GPB0,MCP_GPB0",Series resistor between MCP23017 GPIO and external solder pad.,https://www.digikey.com/en/products/result?keywords=100R+Resistor_SMD%3AR_0603_1608Metric+resistor
GPIO expander,R32,100R,Resistor_SMD:R_0603_1608Metric,"EXP_GPB1,MCP_GPB1",Series resistor between MCP23017 GPIO and external solder pad.,https://www.digikey.com/en/products/result?keywords=100R+Resistor_SMD%3AR_0603_1608Metric+resistor
GPIO expander,R33,100R,Resistor_SMD:R_0603_1608Metric,"EXP_GPB2,MCP_GPB2",Series resistor between MCP23017 GPIO and external solder pad.,https://www.digikey.com/en/products/result?keywords=100R+Resistor_SMD%3AR_0603_1608Metric+resistor
GPIO expander,R34,100R,Resistor_SMD:R_0603_1608Metric,"EXP_GPB3,MCP_GPB3",Series resistor between MCP23017 GPIO and external solder pad.,https://www.digikey.com/en/products/result?keywords=100R+Resistor_SMD%3AR_0603_1608Metric+resistor
GPIO expander,R35,100R,Resistor_SMD:R_0603_1608Metric,"EXP_GPB4,MCP_GPB4",Series resistor between MCP23017 GPIO and external solder pad.,https://www.digikey.com/en/products/result?keywords=100R+Resistor_SMD%3AR_0603_1608Metric+resistor
GPIO expander,R36,100R,Resistor_SMD:R_0603_1608Metric,"EXP_GPB5,MCP_GPB5",Series resistor between MCP23017 GPIO and external solder pad.,https://www.digikey.com/en/products/result?keywords=100R+Resistor_SMD%3AR_0603_1608Metric+resistor
GPIO expander,R37,100R,Resistor_SMD:R_0603_1608Metric,"EXP_GPB6,MCP_GPB6",Series resistor between MCP23017 GPIO and external solder pad.,https://www.digikey.com/en/products/result?keywords=100R+Resistor_SMD%3AR_0603_1608Metric+resistor
GPIO expander,R38,100R,Resistor_SMD:R_0603_1608Metric,"EXP_GPB7,MCP_GPB7",Series resistor between MCP23017 GPIO and external solder pad.,https://www.digikey.com/en/products/result?keywords=100R+Resistor_SMD%3AR_0603_1608Metric+resistor
GPIO expander,D4,4ch 3.3V GPIO TVS array TBD,Daughterboard:SOT-23-6_NoPad6,"EXP_GPA0,EXP_GPA1,EXP_GPA2,EXP_GPA3,GND",ESD protection placeholder for four exposed MCP23017 solder-pad lines; choose exact low-cap 3.3V array before layout.,https://www.digikey.com/en/products/result?keywords=4+channel+3.3V+ESD+TVS+array+SOT-23-6
GPIO expander,D5,4ch 3.3V GPIO TVS array TBD,Daughterboard:SOT-23-6_NoPad6,"EXP_GPA4,EXP_GPA5,EXP_GPA6,EXP_GPA7,GND",ESD protection placeholder for four exposed MCP23017 solder-pad lines; choose exact low-cap 3.3V array before layout.,https://www.digikey.com/en/products/result?keywords=4+channel+3.3V+ESD+TVS+array+SOT-23-6
GPIO expander,D6,4ch 3.3V GPIO TVS array TBD,Daughterboard:SOT-23-6_NoPad6,"EXP_GPB0,EXP_GPB1,EXP_GPB2,EXP_GPB3,GND",ESD protection placeholder for four exposed MCP23017 solder-pad lines; choose exact low-cap 3.3V array before layout.,https://www.digikey.com/en/products/result?keywords=4+channel+3.3V+ESD+TVS+array+SOT-23-6
GPIO expander,D7,4ch 3.3V GPIO TVS array TBD,Daughterboard:SOT-23-6_NoPad6,"EXP_GPB4,EXP_GPB5,EXP_GPB6,EXP_GPB7,GND",ESD protection placeholder for four exposed MCP23017 solder-pad lines; choose exact low-cap 3.3V array before layout.,https://www.digikey.com/en/products/result?keywords=4+channel+3.3V+ESD+TVS+array+SOT-23-6
GPIO expander,J91,MCP23017 GPA0 solder pad,TestPoint:TestPoint_Pad_1.5x1.5mm,EXP_GPA0,Individual solder-wire pad for MCP23017 GPIO/utility breakout.,
GPIO expander,J92,MCP23017 GPA1 solder pad,TestPoint:TestPoint_Pad_1.5x1.5mm,EXP_GPA1,Individual solder-wire pad for MCP23017 GPIO/utility breakout.,
GPIO expander,J93,MCP23017 GPA2 solder pad,TestPoint:TestPoint_Pad_1.5x1.5mm,EXP_GPA2,Individual solder-wire pad for MCP23017 GPIO/utility breakout.,
GPIO expander,J94,MCP23017 GPA3 solder pad,TestPoint:TestPoint_Pad_1.5x1.5mm,EXP_GPA3,Individual solder-wire pad for MCP23017 GPIO/utility breakout.,
GPIO expander,J95,MCP23017 GPA4 solder pad,TestPoint:TestPoint_Pad_1.5x1.5mm,EXP_GPA4,Individual solder-wire pad for MCP23017 GPIO/utility breakout.,
GPIO expander,J96,MCP23017 GPA5 solder pad,TestPoint:TestPoint_Pad_1.5x1.5mm,EXP_GPA5,Individual solder-wire pad for MCP23017 GPIO/utility breakout.,
GPIO expander,J97,MCP23017 GPA6 solder pad,TestPoint:TestPoint_Pad_1.5x1.5mm,EXP_GPA6,Individual solder-wire pad for MCP23017 GPIO/utility breakout.,
GPIO expander,J98,MCP23017 GPA7 solder pad,TestPoint:TestPoint_Pad_1.5x1.5mm,EXP_GPA7,Individual solder-wire pad for MCP23017 GPIO/utility breakout.,
GPIO expander,J99,MCP23017 GPB0 solder pad,TestPoint:TestPoint_Pad_1.5x1.5mm,EXP_GPB0,Individual solder-wire pad for MCP23017 GPIO/utility breakout.,
GPIO expander,J910,MCP23017 GPB1 solder pad,TestPoint:TestPoint_Pad_1.5x1.5mm,EXP_GPB1,Individual solder-wire pad for MCP23017 GPIO/utility breakout.,
GPIO expander,J911,MCP23017 GPB2 solder pad,TestPoint:TestPoint_Pad_1.5x1.5mm,EXP_GPB2,Individual solder-wire pad for MCP23017 GPIO/utility breakout.,
GPIO expander,J912,MCP23017 GPB3 solder pad,TestPoint:TestPoint_Pad_1.5x1.5mm,EXP_GPB3,Individual solder-wire pad for MCP23017 GPIO/utility breakout.,
GPIO expander,J913,MCP23017 GPB4 solder pad,TestPoint:TestPoint_Pad_1.5x1.5mm,EXP_GPB4,Individual solder-wire pad for MCP23017 GPIO/utility breakout.,
GPIO expander,J914,MCP23017 GPB5 solder pad,TestPoint:TestPoint_Pad_1.5x1.5mm,EXP_GPB5,Individual solder-wire pad for MCP23017 GPIO/utility breakout.,
GPIO expander,J915,MCP23017 GPB6 solder pad,TestPoint:TestPoint_Pad_1.5x1.5mm,EXP_GPB6,Individual solder-wire pad for MCP23017 GPIO/utility breakout.,
GPIO expander,J916,MCP23017 GPB7 solder pad,TestPoint:TestPoint_Pad_1.5x1.5mm,EXP_GPB7,Individual solder-wire pad for MCP23017 GPIO/utility breakout.,
GPIO expander,J925,MCP23017 INTA solder pad,TestPoint:TestPoint_Pad_1.5x1.5mm,MCP_INTA,Individual solder-wire pad for MCP23017 GPIO/utility breakout.,
GPIO expander,J926,MCP23017 INTB solder pad,TestPoint:TestPoint_Pad_1.5x1.5mm,MCP_INTB,Individual solder-wire pad for MCP23017 GPIO/utility breakout.,
GPIO expander,J927,MCP23017 RESET solder pad,TestPoint:TestPoint_Pad_1.5x1.5mm,MCP_RESET,Individual solder-wire pad for MCP23017 GPIO/utility breakout.,
GPIO expander,J928,MCP23017 +3V3_SW_LOGIC solder pad,TestPoint:TestPoint_Pad_1.5x1.5mm,+3V3_SW_LOGIC,Individual solder-wire pad for MCP23017 GPIO/utility breakout.,
GPIO expander,J929,MCP23017 GND solder pad,TestPoint:TestPoint_Pad_1.5x1.5mm,GND,Individual solder-wire pad for MCP23017 GPIO/utility breakout.,
Test pads,TP1,USB_VBUS test pad,TestPoint:TestPoint_Pad_D1.0mm,USB_VBUS,Debug/access pad.,
Test pads,TP2,CHG_IN test pad,TestPoint:TestPoint_Pad_D1.0mm,CHG_IN,Debug/access pad.,
Test pads,TP3,BAT_SYS test pad,TestPoint:TestPoint_Pad_D1.0mm,BAT_SYS,Debug/access pad.,
Test pads,TP4,CELL_MID test pad,TestPoint:TestPoint_Pad_D1.0mm,CELL_MID,Debug/access pad.,
Test pads,TP5,BAT_SYS test pad,TestPoint:TestPoint_Pad_D1.0mm,BAT_SYS,Debug/access pad.,
Test pads,TP6,+5V test pad,TestPoint:TestPoint_Pad_D1.0mm,+5V,Debug/access pad.,
Test pads,TP7,+3V3 test pad,TestPoint:TestPoint_Pad_D1.0mm,+3V3,Debug/access pad.,
Test pads,TP8,+5V_SW test pad,TestPoint:TestPoint_Pad_D1.0mm,+5V_SW,Debug/access pad.,
Test pads,TP9,+3V3_SW test pad,TestPoint:TestPoint_Pad_D1.0mm,+3V3_SW,Debug/access pad.,
Test pads,TP10,CHG_STAT test pad,TestPoint:TestPoint_Pad_D1.0mm,CHG_STAT,Debug/access pad.,
Test pads,TP11,PG_STAT test pad,TestPoint:TestPoint_Pad_D1.0mm,PG_STAT,Debug/access pad.,
Test pads,TP12,BATT_RAW_N test pad,TestPoint:TestPoint_Pad_D1.0mm,BATT_RAW_N,Debug/access pad.,
Test pads,TP13,BATT_RAW_P test pad,TestPoint:TestPoint_Pad_D1.0mm,BATT_RAW_P,Debug/access pad.,
Test pads,TP14,GND test pad,TestPoint:TestPoint_Pad_D1.0mm,GND,Debug/access pad.,
Test pads,TP15,AIN4 test pad,TestPoint:TestPoint_Pad_D1.0mm,AIN4,Debug/access pad.,
Test pads,TP16,AIN5 test pad,TestPoint:TestPoint_Pad_D1.0mm,AIN5,Debug/access pad.,
Test pads,TP17,AIN6 test pad,TestPoint:TestPoint_Pad_D1.0mm,AIN6,Debug/access pad.,
Test pads,TP18,AIN7 test pad,TestPoint:TestPoint_Pad_D1.0mm,AIN7,Debug/access pad.,
