"Refs","Value","Footprint","Qty","DNP"
"BT1","18650 Cell 1 lower","","1",""
"BT2","18650 Cell 2 upper","","1",""
"C1","10uF 10V X5R","Capacitor_SMD:C_0805_2012Metric","1",""
"C2","100nF 10V X7R","Capacitor_SMD:C_0603_1608Metric","1",""
"C3","22uF 16V X5R","Capacitor_SMD:C_0805_2012Metric","1",""
"C4","100nF 16V X7R","Capacitor_SMD:C_0603_1608Metric","1",""
"C5","22uF 16V X5R","Capacitor_SMD:C_0805_2012Metric","1",""
"C6","4.7uF 6.3V X5R","Capacitor_SMD:C_0603_1608Metric","1",""
"C7","100nF 16V X7R","Capacitor_SMD:C_0603_1608Metric","1",""
"C8","100nF 10V X7R","Capacitor_SMD:C_0603_1608Metric","1",""
"C9","100nF 16V X7R","Capacitor_SMD:C_0603_1608Metric","1",""
"C10","100nF 16V X7R","Capacitor_SMD:C_0603_1608Metric","1",""
"C11","10uF 16V X5R","Capacitor_SMD:C_0805_2012Metric","1",""
"C12","100nF 16V X7R","Capacitor_SMD:C_0603_1608Metric","1",""
"C13","22uF 10V X5R","Capacitor_SMD:C_0805_2012Metric","1",""
"C14","22uF 10V X5R","Capacitor_SMD:C_0805_2012Metric","1",""
"C15","100nF 16V X7R","Capacitor_SMD:C_0603_1608Metric","1",""
"C16","10uF 16V X5R","Capacitor_SMD:C_0805_2012Metric","1",""
"C17","100nF 10V X7R","Capacitor_SMD:C_0603_1608Metric","1",""
"C18","1uF 10V X5R","Capacitor_SMD:C_0603_1608Metric","1",""
"C19","100nF 10V X7R","Capacitor_SMD:C_0603_1608Metric","1",""
"C20","1uF 10V X5R","Capacitor_SMD:C_0603_1608Metric","1",""
"C21","100nF 16V X7R","Capacitor_SMD:C_0603_1608Metric","1",""
"C22","22uF 10V X5R","Capacitor_SMD:C_0805_2012Metric","1",""
"C23","22uF 10V X5R","Capacitor_SMD:C_0805_2012Metric","1",""
"C24","100nF 16V X7R","Capacitor_SMD:C_0603_1608Metric","1",""
"C25","100nF 16V X7R","Capacitor_SMD:C_0603_1608Metric","1",""
"C26","100nF 16V X7R","Capacitor_SMD:C_0603_1608Metric","1",""
"C27","100nF 10V X7R","Capacitor_SMD:C_0603_1608Metric","1",""
"C28","1uF 10V X5R","Capacitor_SMD:C_0603_1608Metric","1",""
"C29","100nF 10V X7R","Capacitor_SMD:C_0603_1608Metric","1",""
"C30","2.2uF 10V X5R","Capacitor_SMD:C_0603_1608Metric","1",""
"C31","100nF 16V X7R","Capacitor_SMD:C_0603_1608Metric","1",""
"C32","100nF 25V X7R","Capacitor_SMD:C_0603_1608Metric","1",""
"C33","100nF 25V X7R","Capacitor_SMD:C_0603_1608Metric","1",""
"D1","5V VBUS TVS","Diode_SMD:D_SOD-323","1",""
"D2","LED green","LED_SMD:LED_0603_1608Metric","1",""
"D3","LED blue","LED_SMD:LED_0603_1608Metric","1",""
"D4","4ch 3.3V GPIO TVS array TBD","Daughterboard:SOT-23-6_NoPad6","1",""
"D5","4ch 3.3V GPIO TVS array TBD","Daughterboard:SOT-23-6_NoPad6","1",""
"D6","4ch 3.3V GPIO TVS array TBD","Daughterboard:SOT-23-6_NoPad6","1",""
"D7","4ch 3.3V GPIO TVS array TBD","Daughterboard:SOT-23-6_NoPad6","1",""
"F1","2A hold polyfuse","Fuse:Fuse_1206_3216Metric","1",""
"F2","PTC/fuse cell1","Fuse:Fuse_1206_3216Metric","1",""
"F3","PTC/fuse cell2","Fuse:Fuse_1206_3216Metric","1",""
"F4","2A battery path fuse","Fuse:Fuse_1206_3216Metric","1",""
"J1","USB-C 5V Sink","Connector_USB:USB_C_Receptacle_GCT_USB4125-xx-x_6P_TopMnt_Horizontal","1",""
"J2","Switched power outputs","","1",""
"J4","UART JST-GH 1.25mm","Connector_JST:JST_GH_SM05B-GHS-TB_1x05-1MP_P1.25mm_Horizontal","1",""
"J5","I2C male header 2.54mm","Connector_PinHeader_2.54mm:PinHeader_1x04_P2.54mm_Vertical","1",""
"J6","Deep sleep pushbutton header","Connector_PinHeader_2.54mm:PinHeader_1x02_P2.54mm_Vertical","1",""
"J7","2S balance input JST-XH side-entry","Connector_JST:JST_XH_S3B-XH-A_1x03_P2.50mm_Horizontal","1",""
"J8","Left gimbal A JST-GH 1.25mm","Connector_JST:JST_GH_BM03B-GHS-TBT_1x03-1MP_P1.25mm_Vertical","1",""
"J30","J3P Hosyond +5V_SW solder pad","TestPoint:TestPoint_Pad_1.5x1.5mm","1",""
"J31","J3A Hosyond UART_TX solder pad","TestPoint:TestPoint_Pad_1.5x1.5mm","1",""
"J32","J3B Hosyond UART_RX solder pad","TestPoint:TestPoint_Pad_1.5x1.5mm","1",""
"J33","J3C Hosyond I2C_SDA solder pad","TestPoint:TestPoint_Pad_1.5x1.5mm","1",""
"J34","J3D Hosyond I2C_SCL solder pad","TestPoint:TestPoint_Pad_1.5x1.5mm","1",""
"J35","J3E Hosyond GPIO2 solder pad","TestPoint:TestPoint_Pad_1.5x1.5mm","1",""
"J36","J3F Hosyond GPIO3 solder pad","TestPoint:TestPoint_Pad_1.5x1.5mm","1",""
"J37","J3G Hosyond GPIO14 solder pad","TestPoint:TestPoint_Pad_1.5x1.5mm","1",""
"J38","J3H Hosyond GPIO21 solder pad","TestPoint:TestPoint_Pad_1.5x1.5mm","1",""
"J39","J3I Hosyond GND solder pad","TestPoint:TestPoint_Pad_1.5x1.5mm","1",""
"J40","Left gimbal B JST-GH 1.25mm","Connector_JST:JST_GH_BM03B-GHS-TBT_1x03-1MP_P1.25mm_Vertical","1",""
"J41","Right gimbal A JST-GH 1.25mm","Connector_JST:JST_GH_BM03B-GHS-TBT_1x03-1MP_P1.25mm_Vertical","1",""
"J42","Right gimbal B JST-GH 1.25mm","Connector_JST:JST_GH_BM03B-GHS-TBT_1x03-1MP_P1.25mm_Vertical","1",""
"J91","MCP23017 GPA0 solder pad","TestPoint:TestPoint_Pad_1.5x1.5mm","1",""
"J92","MCP23017 GPA1 solder pad","TestPoint:TestPoint_Pad_1.5x1.5mm","1",""
"J93","MCP23017 GPA2 solder pad","TestPoint:TestPoint_Pad_1.5x1.5mm","1",""
"J94","MCP23017 GPA3 solder pad","TestPoint:TestPoint_Pad_1.5x1.5mm","1",""
"J95","MCP23017 GPA4 solder pad","TestPoint:TestPoint_Pad_1.5x1.5mm","1",""
"J96","MCP23017 GPA5 solder pad","TestPoint:TestPoint_Pad_1.5x1.5mm","1",""
"J97","MCP23017 GPA6 solder pad","TestPoint:TestPoint_Pad_1.5x1.5mm","1",""
"J98","MCP23017 GPA7 solder pad","TestPoint:TestPoint_Pad_1.5x1.5mm","1",""
"J99","MCP23017 GPB0 solder pad","TestPoint:TestPoint_Pad_1.5x1.5mm","1",""
"J910","MCP23017 GPB1 solder pad","TestPoint:TestPoint_Pad_1.5x1.5mm","1",""
"J911","MCP23017 GPB2 solder pad","TestPoint:TestPoint_Pad_1.5x1.5mm","1",""
"J912","MCP23017 GPB3 solder pad","TestPoint:TestPoint_Pad_1.5x1.5mm","1",""
"J913","MCP23017 GPB4 solder pad","TestPoint:TestPoint_Pad_1.5x1.5mm","1",""
"J914","MCP23017 GPB5 solder pad","TestPoint:TestPoint_Pad_1.5x1.5mm","1",""
"J915","MCP23017 GPB6 solder pad","TestPoint:TestPoint_Pad_1.5x1.5mm","1",""
"J916","MCP23017 GPB7 solder pad","TestPoint:TestPoint_Pad_1.5x1.5mm","1",""
"J925","MCP23017 INTA solder pad","TestPoint:TestPoint_Pad_1.5x1.5mm","1",""
"J926","MCP23017 INTB solder pad","TestPoint:TestPoint_Pad_1.5x1.5mm","1",""
"J927","MCP23017 RESET solder pad","TestPoint:TestPoint_Pad_1.5x1.5mm","1",""
"J928","MCP23017 +3V3_SW_LOGIC solder pad","TestPoint:TestPoint_Pad_1.5x1.5mm","1",""
"J929","MCP23017 GND solder pad","TestPoint:TestPoint_Pad_1.5x1.5mm","1",""
"L1","4.7uH >=3A sat","Daughterboard:CENKER_CKST0402_4.6x4.1mm","1",""
"L2","4.7uH >=2A sat","Daughterboard:KOHERelec_MDA4020_4.45x4.1mm","1",""
"L3","1uH >=4A sat","Inductor_SMD:L_APV_ANR5040","1",""
"Q1","CSD18502Q5B charge FET","Daughterboard:CSD18502Q5B_DNK0008A_VSON-CLIP_5x6mm","1",""
"Q2","CSD18502Q5B discharge FET","Daughterboard:CSD18502Q5B_DNK0008A_VSON-CLIP_5x6mm","1",""
"R1","5.1k 1%","Resistor_SMD:R_0603_1608Metric","1",""
"R2","5.1k 1%","Resistor_SMD:R_0603_1608Metric","1",""
"R3","806R 1% TBD","Resistor_SMD:R_0603_1608Metric","1",""
"R4","TBD 1%","Resistor_SMD:R_0603_1608Metric","1",""
"R5","10k 1%","Resistor_SMD:R_0603_1608Metric","1",""
"R6","2.2k","Resistor_SMD:R_0603_1608Metric","1",""
"R7","2.2k","Resistor_SMD:R_0603_1608Metric","1",""
"R8","523k 1%","Resistor_SMD:R_0603_1608Metric","1",""
"R9","100k 1%","Resistor_SMD:R_0603_1608Metric","1",""
"R10","100k","Resistor_SMD:R_0603_1608Metric","1",""
"R11","316k 1%","Resistor_SMD:R_0603_1608Metric","1",""
"R12","100k 1%","Resistor_SMD:R_0603_1608Metric","1",""
"R13","100k","Resistor_SMD:R_0603_1608Metric","1",""
"R14","470R 1%","Resistor_SMD:R_0603_1608Metric","1",""
"R15","470R 1%","Resistor_SMD:R_0603_1608Metric","1",""
"R16","100R","Resistor_SMD:R_0603_1608Metric","1",""
"R17","330R","Resistor_SMD:R_0603_1608Metric","1",""
"R18","330R","Resistor_SMD:R_0603_1608Metric","1",""
"R19","4.7k","Resistor_SMD:R_0603_1608Metric","1",""
"R20","4.7k","Resistor_SMD:R_0603_1608Metric","1",""
"R21","100R","Resistor_SMD:R_0603_1608Metric","1",""
"R22","100R","Resistor_SMD:R_0603_1608Metric","1",""
"R23","100R","Resistor_SMD:R_0603_1608Metric","1",""
"R24","100R","Resistor_SMD:R_0603_1608Metric","1",""
"R25","100R","Resistor_SMD:R_0603_1608Metric","1",""
"R26","100R","Resistor_SMD:R_0603_1608Metric","1",""
"R27","100R","Resistor_SMD:R_0603_1608Metric","1",""
"R28","100R","Resistor_SMD:R_0603_1608Metric","1",""
"R29","100R","Resistor_SMD:R_0603_1608Metric","1",""
"R30","100R","Resistor_SMD:R_0603_1608Metric","1",""
"R31","100R","Resistor_SMD:R_0603_1608Metric","1",""
"R32","100R","Resistor_SMD:R_0603_1608Metric","1",""
"R33","100R","Resistor_SMD:R_0603_1608Metric","1",""
"R34","100R","Resistor_SMD:R_0603_1608Metric","1",""
"R35","100R","Resistor_SMD:R_0603_1608Metric","1",""
"R36","100R","Resistor_SMD:R_0603_1608Metric","1",""
"R37","100R","Resistor_SMD:R_0603_1608Metric","1",""
"R38","100R","Resistor_SMD:R_0603_1608Metric","1",""
"R39","0R","Resistor_SMD:R_0603_1608Metric","1",""
"R40","0R","Resistor_SMD:R_0603_1608Metric","1",""
"R41","0R","Resistor_SMD:R_0603_1608Metric","1",""
"R42","10k","Resistor_SMD:R_0603_1608Metric","1",""
"R43","10k","Resistor_SMD:R_0603_1608Metric","1",""
"R44","10k","Resistor_SMD:R_0603_1608Metric","1",""
"R45","0R","Resistor_SMD:R_0603_1608Metric","1",""
"R46","2mR 1% 50ppm","Resistor_SMD:R_1206_3216Metric","1",""
"R47","100R","Resistor_SMD:R_0603_1608Metric","1",""
"R48","100R","Resistor_SMD:R_0603_1608Metric","1",""
"R49","10M","Resistor_SMD:R_0603_1608Metric","1",""
"R50","10M","Resistor_SMD:R_0603_1608Metric","1",""
"SW1","Pololu #2808 5V switch","Daughterboard:Pololu_2808_Raised_Header","1",""
"SW2","Pololu #2808 3V3 switch","Daughterboard:Pololu_2808_Raised_Header","1",""
"TH1","10k NTC","Resistor_SMD:R_0603_1608Metric","1",""
"TP1","USB_VBUS test pad","TestPoint:TestPoint_Pad_D1.0mm","1",""
"TP2","CHG_IN test pad","TestPoint:TestPoint_Pad_D1.0mm","1",""
"TP3","BAT_SYS test pad","TestPoint:TestPoint_Pad_D1.0mm","1",""
"TP4","CELL_MID test pad","TestPoint:TestPoint_Pad_D1.0mm","1",""
"TP5","BAT_SYS test pad","TestPoint:TestPoint_Pad_D1.0mm","1",""
"TP6","+5V test pad","TestPoint:TestPoint_Pad_D1.0mm","1",""
"TP7","+3V3 test pad","TestPoint:TestPoint_Pad_D1.0mm","1",""
"TP8","+5V_SW test pad","TestPoint:TestPoint_Pad_D1.0mm","1",""
"TP9","+3V3_SW test pad","TestPoint:TestPoint_Pad_D1.0mm","1",""
"TP10","CHG_STAT test pad","TestPoint:TestPoint_Pad_D1.0mm","1",""
"TP11","PG_STAT test pad","TestPoint:TestPoint_Pad_D1.0mm","1",""
"TP12","BATT_RAW_N test pad","TestPoint:TestPoint_Pad_D1.0mm","1",""
"TP13","BATT_RAW_P test pad","TestPoint:TestPoint_Pad_D1.0mm","1",""
"TP14","GND test pad","TestPoint:TestPoint_Pad_D1.0mm","1",""
"TP15","AIN4 test pad","TestPoint:TestPoint_Pad_D1.0mm","1",""
"TP16","AIN5 test pad","TestPoint:TestPoint_Pad_D1.0mm","1",""
"TP17","AIN6 test pad","TestPoint:TestPoint_Pad_D1.0mm","1",""
"TP18","AIN7 test pad","TestPoint:TestPoint_Pad_D1.0mm","1",""
"U1","BQ25887RGE 2S charger","Package_DFN_QFN:Texas_RGE0024H_VQFN-24-1EP_4x4mm_P0.5mm_EP2.7x2.7mm","1",""
"U2","BQ28Z610DRZR-R1","Daughterboard:TI_DRZ0012A_VSON-12_4x2.5mm_P0.4mm","1",""
"U3","AP63200WU 5V Buck","Package_TO_SOT_SMD:TSOT-23-6","1",""
"U4","AP63200WU 3V3 Buck","Package_TO_SOT_SMD:TSOT-23-6","1",""
"U5","ADS1115IDGS 0x48","Package_SO:TSSOP-10_3x3mm_P0.5mm","1",""
"U6","ADS1115IDGS 0x49","Package_SO:TSSOP-10_3x3mm_P0.5mm","1",""
"U7","MCP23017-E/SO","Daughterboard:SOIC-28W_7.5x17.9mm_P1.27mm_NoPads11_14","1",""
